,PITCHER,NAME,YEAR,Unnamed: 0,W,L,SV,IP,R,ER,PA,AB,H,HR,TB,BB,UBB,IBB,HBP,SO,PLAYERID,BASEBALLREFERENCECODE,WARP
0,17,Tom Gordon,1990,8,87,85,70,1466.3339999999996,759,684,6398,5564.0,1378,122,2059.0,714,682,32,27,1260,17,gordoto01,21.1
1,33,Roy Oswalt,2000,21,137,70,0,1803.334,695,647,7455,6848.0,1756,154,2657.0,412,382,30,66,1473,33,oswalro01,43.3
2,40,Shane Reynolds,1990,25,79,61,0,1234.6663,561,508,5183,4831.0,1300,114,1956.0,251,230,21,22,1067,40,reynosh01,14.8
3,95,Greg Maddux,1990,52,176,88,0,2394.667,786,677,9563,8886.0,2084,111,2829.0,443,369,74,60,1764,95,maddugr01,65.4
4,95,Greg Maddux,2000,53,134,101,0,1939.666,877,797,7964,7425.0,1965,196,2986.0,308,249,59,57,1211,95,maddugr01,29.700000000000003
5,96,Jason Marquis,2000,54,94,83,1,1484.999,809,739,6465,5714.0,1528,182,2445.0,578,545,33,66,867,96,marquja01,8.3
6,100,Kevin Millwood,2000,57,115,103,0,1860.668,937,865,7982,7241.0,1923,201,2983.0,578,543,35,56,1398,100,millwke01,21.599999999999998
7,107,John Smoltz,1990,63,143,95,0,2142.335,867,791,8803,7952.0,1858,170,2810.0,669,620,49,34,1893,107,smoltjo01,39.79999999999999
8,158,Ben Sheets,2000,90,86,83,0,1428.0,650,591,5922,5487.0,1402,160,2266.0,313,288,25,31,1206,158,sheetbe01,25.6
9,165,Andy Benes,1990,95,125,116,1,2068.3320000000003,952,872,8729,7855.0,1950,212,3055.0,698,649,49,42,1655,165,benesan01,30.3
10,198,Matt Morris,2000,112,102,78,4,1475.3333,764,690,6301,5722.0,1558,155,2418.0,398,370,28,64,986,198,morrima01,10.900000000000002
11,217,Woody Williams,2000,124,92,70,0,1394.6670000000001,682,636,5949,5406.0,1415,188,2333.0,387,364,23,57,904,217,williwo02,15.700000000000003
12,234,Matt Clement,2000,138,75,74,0,1218.3333,648,605,5324,4603.0,1121,126,1768.0,557,537,20,85,1069,234,clemema01,13.6
13,256,Jon Lieber,2000,147,83,66,0,1311.9997,668,620,5508,5151.0,1412,173,2245.0,218,189,29,36,859,256,liebejo01,16.5
14,277,Carlos Zambrano,2000,158,105,68,0,1551.3327000000004,669,605,6593,5714.0,1313,126,2009.0,698,662,36,81,1324,277,zambrca01,34.199999999999996
15,282,Miguel Batista,2000,163,84,91,38,1441.6663,806,727,6353,5555.0,1507,150,2319.0,637,606,31,53,907,282,batismi01,12.700000000000001
16,323,Curt Schilling,1990,189,99,79,13,1668.332,663,613,6802,6211.0,1451,148,2254.0,441,408,33,30,1561,323,schilcu01,35.5
17,323,Curt Schilling,2000,190,117,63,9,1569.3343,630,618,6368,6011.0,1515,194,2460.0,257,248,9,21,1545,323,schilcu01,46.199999999999996
18,337,Andy Ashby,1990,195,72,74,1,1343.0010000000002,666,594,5680,5139.0,1357,146,2079.0,396,361,35,44,910,337,ashbyan01,19.6
19,341,Kevin Brown,1990,199,143,98,0,2211.333,917,798,9198,8393.0,2107,128,2900.0,605,572,33,103,1581,341,brownke01,48.1
20,395,Bartolo Colon,2000,232,117,82,0,1573.6659,777,712,6660,6014.0,1571,205,2546.0,510,491,19,31,1222,395,colonba01,26.199999999999996
21,395,Bartolo Colon,2010,233,94,85,0,1384.9990000000007,688,639,5827,4717.0,1525,183,2103.0,238,221,17,20,928,395,colonba01,13.4
22,427,Javier Vazquez,2000,252,128,116,0,2163.001,1025,957,9023,8303.0,2101,269,3432.0,528,488,40,64,2001,427,vazquja01,42.400000000000006
23,450,Livan Hernandez,2000,261,129,124,0,2201.333,1165,1091,9533,8553.0,2450,250,3762.0,720,663,57,57,1335,450,hernali01,19.3
24,464,Russ Ortiz,2000,270,91,75,0,1358.3337,735,687,5965,5140.0,1329,144,2094.0,684,654,30,35,947,464,ortizru01,7.399999999999998
25,471,Jason Schmidt,2000,277,89,54,0,1260.3326999999995,552,509,5290,4689.0,1071,108,1678.0,489,466,23,33,1223,471,schmija01,23.400000000000002
26,489,Josh Beckett,2000,285,106,68,0,1401.001,641,590,5835,5298.0,1280,151,2071.0,426,412,14,48,1330,489,beckejo02,28.3
27,493,A.J. Burnett,2000,288,96,83,0,1541.9997,721,660,6531,5734.0,1355,144,2108.0,640,619,21,70,1440,493,burnea.01,22.9
28,524,Brad Penny,2000,305,105,84,0,1633.6667,806,752,6930,6252.0,1669,159,2590.0,526,492,34,44,1141,524,pennybr01,20.900000000000002
29,540,Pedro Astacio,1990,315,83,73,0,1376.6670000000001,717,661,5872,5268.0,1400,164,2209.0,441,408,33,61,1029,540,astacpe01,22.1
30,586,Steve Trachsel,2000,339,83,90,0,1354.6687,724,665,5876,5216.0,1428,179,2330.0,531,498,33,25,762,586,trachst01,14.8
31,611,Adam Eaton,2000,348,71,68,0,1178.6673,688,647,5167,4590.0,1253,167,2080.0,448,415,33,52,855,611,eatonad01,2.3
32,638,Jake Peavy,2000,362,95,68,0,1362.6666999999998,525,494,5626,5070.0,1169,136,1881.0,441,410,31,45,1366,638,peavyja01,26.0
33,645,Brett Tomko,2000,369,71,76,2,1289.6663999999996,738,684,5600,5083.0,1404,184,2354.0,401,367,34,22,806,645,tomkobr01,6.300000000000001
34,677,Brett Myers,2000,386,73,63,21,1183.6663999999996,611,579,5085,4558.0,1193,178,2031.0,413,387,26,46,986,677,myersbr01,9.799999999999999
35,679,Vicente Padilla,2000,389,98,84,2,1414.9993,742,677,6146,5452.0,1460,159,2293.0,504,466,38,99,977,679,padilvi01,11.499999999999998
36,702,Bronson Arroyo,2000,413,86,83,1,1460.0003,773,687,6266,5643.0,1498,181,2442.0,450,406,44,76,997,702,arroybr01,19.200000000000003
37,766,Ryan Dempster,2000,456,79,77,87,1423.3334000000002,737,682,6204,5406.0,1395,147,2190.0,641,604,37,53,1205,766,dempsry01,15.0
38,799,Jose Rijo,1990,479,72,43,0,1110.999,383,338,4519,4126.0,972,74,1419.0,313,303,10,14,955,799,rijojo01,29.7
39,866,Kevin Appier,1990,512,120,90,0,1867.667,782,721,7796,7008.0,1692,140,2513.0,645,615,30,40,1494,866,appieke01,47.599999999999994
40,886,John Lackey,2000,518,102,71,0,1500.9990000000007,702,636,6371,5785.0,1519,151,2310.0,441,422,19,73,1201,886,lackejo01,24.999999999999996
41,886,John Lackey,2010,519,86,76,0,1339.333,645,601,5657,4326.0,1343,168,1853.0,374,361,13,60,1093,886,lackejo01,13.599999999999998
42,899,Ramon Ortiz,2000,524,82,77,0,1311.3329999999999,767,705,5726,5143.0,1418,210,2390.0,437,411,26,66,797,899,ortizra02,6.500000000000001
43,908,Aaron Sele,1990,533,75,53,0,1039.6663,580,514,4651,4101.0,1143,95,1703.0,423,404,19,67,831,908,seleaa01,15.0
44,908,Aaron Sele,2000,534,73,59,0,1113.3337,628,588,4883,4379.0,1270,130,1960.0,375,355,20,45,576,908,seleaa01,4.900000000000001
45,932,Aaron Harang,2000,545,75,80,0,1339.9996,669,632,5716,5195.0,1407,181,2323.0,369,337,32,39,1123,932,haranaa01,19.6
46,938,Tim Hudson,2000,550,137,76,0,1923.3323000000007,818,749,8024,7268.0,1837,156,2709.0,570,511,59,71,1270,938,hudsoti01,40.4
47,938,Tim Hudson,2010,551,74,55,0,1067.0,445,415,4401,3532.0,999,84,1271.0,285,262,23,49,678,938,hudsoti01,12.700000000000001
48,943,Cory Lidle,2000,555,74,70,0,1235.9997,696,635,5270,4809.0,1306,152,2105.0,334,304,30,51,780,943,lidleco01,10.2
49,975,Chris Carpenter,2000,575,93,52,0,1323.6676000000002,584,541,5489,5004.0,1270,140,1988.0,360,348,12,54,1018,975,carpech01,24.599999999999994
50,983,Kelvim Escobar,2000,581,77,75,45,1222.3327,588,542,5207,4637.0,1158,112,1777.0,476,452,24,37,1073,983,escobke01,22.0
51,989,Roy Halladay,2000,584,139,69,0,1883.3327,790,712,7712,7214.0,1832,151,2680.0,374,353,21,52,1400,989,hallaro01,45.4
52,997,Esteban Loaiza,2000,592,87,75,1,1385.9994000000004,752,707,5989,5474.0,1541,172,2416.0,382,362,20,51,958,997,loaizes01,16.799999999999997
53,1080,Dave Burba,1990,635,79,64,1,1170.0007,600,550,5052,4429.0,1123,138,1802.0,515,473,42,38,920,1080,burbada01,11.5
54,1110,Charles Nagy,1990,647,121,86,0,1766.3324000000002,897,824,7580,6917.0,1924,182,2894.0,529,496,33,47,1143,1110,nagych01,27.099999999999998
55,1152,Freddy Garcia,2000,680,104,73,0,1571.3329999999999,753,713,6618,6016.0,1520,192,2471.0,476,450,26,47,1131,1152,garcifr03,23.8
56,1166,Gil Meche,2000,689,76,74,0,1284.9997,682,630,5535,4945.0,1303,158,2092.0,499,490,9,25,962,1166,mechegi01,15.5
57,1173,Joel Pineiro,2000,697,87,79,2,1456.3343000000002,756,711,6185,5635.0,1541,162,2405.0,415,392,23,48,904,1173,pineijo01,12.0
58,1207,Scott Erickson,1990,719,130,108,0,2013.6670000000001,1045,956,8677,7787.0,2154,177,3160.0,697,669,28,83,1111,1207,ericksc01,27.8
59,1217,Pat Hentgen,1990,723,105,76,0,1555.6676,783,716,6675,6002.0,1587,191,2516.0,557,538,19,37,995,1217,hentgpa01,28.000000000000004
60,1234,Sidney Ponson,2000,735,71,92,0,1415.3334000000002,851,794,6191,5595.0,1620,169,2504.0,487,472,15,41,834,1234,ponsosi01,8.600000000000001
61,1283,Chan Ho Park,2000,760,73,62,2,1205.668,651,605,5299,4562.0,1162,141,1877.0,546,521,25,97,1000,1283,parkch01,10.4
62,1306,John Burkett,1990,777,119,101,1,1934.0,1007,927,8246,7575.0,2109,180,3118.0,479,441,38,62,1233,1306,burkejo03,14.100000000000001
63,1332,Derek Lowe,2000,795,130,99,66,1833.6670000000001,885,776,7746,7068.0,1863,149,2714.0,519,480,39,54,1177,1332,lowede01,29.099999999999998
64,1333,Pedro Martinez,1990,797,107,50,3,1359.3339999999998,476,428,5477,4946.0,1050,107,1623.0,410,390,20,55,1534,1333,martipe02,40.5
65,1333,Pedro Martinez,2000,798,112,50,0,1468.0007,530,491,5917,5409.0,1171,132,1866.0,350,340,10,86,1620,1333,martipe02,45.6
66,1352,Tim Wakefield,1990,804,79,67,15,1184.6660000000004,661,571,5175,4531.0,1172,150,1907.0,506,495,11,66,770,1352,wakefti01,11.7
67,1352,Tim Wakefield,2000,805,110,95,7,1746.999,928,840,7477,6683.0,1664,224,2737.0,616,598,18,107,1209,1352,wakefti01,25.299999999999997
68,1363,Paul Byrd,2000,813,82,77,0,1318.665,729,654,5630,5258.0,1494,193,2436.0,257,246,11,40,684,1363,byrdpa01,12.499999999999998
69,1400,Jeff Suppan,2000,835,115,110,0,1965.667,1093,993,8608,7692.0,2168,260,3498.0,683,636,47,83,1079,1400,suppaje01,14.399999999999999
70,1490,Kyle Lohse,2000,890,84,90,0,1481.6682999999996,821,770,6433,5824.0,1638,191,2605.0,450,425,25,62,930,1490,lohseky01,11.899999999999999
71,1504,Brad Radke,2000,897,82,71,0,1366.0,676,632,5696,5360.0,1502,175,2389.0,206,198,8,41,803,1504,radkebr01,24.200000000000003
72,1532,Jon Garland,2000,917,117,102,1,1829.3337,992,898,7827,7065.0,1944,228,3084.0,593,566,27,53,960,1532,garlajo01,20.7
73,1579,Roger Clemens,1980,940,95,45,0,1284.6663,476,437,5243,4788.0,1088,95,1601.0,371,355,16,32,1215,1579,clemero02,35.50000000000001
74,1579,Roger Clemens,1990,941,152,89,0,2177.668,813,731,8968,8049.0,1829,139,2679.0,731,703,28,82,2101,1579,clemero02,68.0
75,1579,Roger Clemens,2000,942,107,50,0,1454.332,596,539,6029,5438.0,1268,129,1958.0,478,459,19,45,1356,1579,clemero02,35.099999999999994
76,1598,Mike Mussina,1990,953,136,66,0,1771.9997,731,689,7214,6685.0,1659,182,2622.0,421,406,15,19,1325,1598,mussimi01,42.0
77,1598,Mike Mussina,2000,954,134,87,0,1790.668,828,769,7379,6889.0,1801,194,2791.0,364,350,14,41,1488,1598,mussimi01,40.9
78,1618,Jeff Weaver,2000,968,90,106,2,1630.0,889,830,7056,6398.0,1773,195,2832.0,440,403,37,106,1074,1618,weaveje01,13.900000000000002
79,4204,David Cone,1990,980,141,85,0,2017.001,792,720,8378,7428.0,1667,169,2571.0,774,755,19,73,1928,4204,coneda01,53.0
80,5034,R.A. Dickey,2010,991,98,90,0,1631.001,732,663,6800,5350.0,1514,195,2162.0,486,473,13,73,1206,5034,dicker.01,22.4
81,16636,Brandon Webb,2000,1106,87,62,0,1319.6670000000001,557,479,5515,4935.0,1200,92,1739.0,435,401,34,50,1065,16636,webbbr01,33.2
82,16641,Jose Contreras,2000,1109,71,63,0,1083.667,617,555,4710,4194.0,1092,124,1712.0,394,381,13,56,799,16641,contrjo01,12.999999999999998
83,16741,Tim Belcher,1990,1182,111,115,0,1958.3330000000005,1065,960,8445,7567.0,2023,226,3190.0,700,670,30,47,1122,16741,belchti01,19.100000000000005
84,16844,Tom Candiotti,1990,1257,95,110,0,1760.3333999999998,847,734,7472,6719.0,1722,170,2620.0,550,529,21,61,1152,16844,candito01,25.400000000000002
85,16878,Mark Clark,1990,1286,71,66,0,1202.3326,645,599,5147,4701.0,1298,144,2053.0,343,324,19,21,712,16878,clarkma01,8.5
86,16933,Danny Darwin,1980,1326,95,101,27,1663.3339999999998,738,643,6995,6306.0,1579,145,2367.0,519,459,60,38,1090,16933,darwida01,23.5
87,16933,Danny Darwin,1990,1327,71,77,5,1266.6657,653,604,5372,4917.0,1311,171,2145.0,324,285,39,38,786,16933,darwida01,15.699999999999998
88,16976,Doug Drabek,1990,1359,108,95,0,1763.3339999999996,825,765,7362,6712.0,1748,169,2641.0,489,443,46,41,1148,16976,drabedo01,18.0
89,16991,Dennis Eckersley,1970,1373,77,50,3,1148.333,431,398,4760,4300.0,1008,119,1579.0,352,319,33,32,855,16991,eckerde01,27.799999999999997
90,16991,Dennis Eckersley,1980,1374,88,88,94,1593.6664,741,688,6583,6146.0,1576,170,2471.0,303,266,37,29,1010,16991,eckerde01,25.5
91,17018,Alex Fernandez,1990,1400,103,83,0,1708.0006999999996,779,707,7148,6472.0,1634,183,2544.0,536,508,28,35,1225,17018,fernaal01,26.900000000000006
92,17062,Mark Gardner,1990,1438,83,78,1,1497.6660000000004,815,757,6391,5675.0,1478,202,2433.0,541,510,31,55,1090,17062,gardnma01,5.2
93,17079,Dwight Gooden,1980,1452,100,39,1,1291.0,423,379,5215,4752.0,1053,65,1461.0,379,362,17,18,1168,17079,goodedw01,30.7
94,17079,Dwight Gooden,1990,1453,88,68,0,1404.6673,711,657,6023,5352.0,1392,122,2081.0,531,509,22,57,1070,17079,goodedw01,16.8
95,17109,Juan Guzman,1990,1475,91,78,0,1481.667,742,664,6359,5592.0,1353,147,2090.0,665,643,22,35,1240,17109,guzmaju01,24.999999999999996
96,17122,Erik Hanson,1990,1481,78,76,0,1400.3349999999996,715,662,5997,5427.0,1466,128,2193.0,460,439,21,23,1064,17122,hansoer01,18.5
97,17125,Pete Harnisch,1990,1485,97,83,0,1676.3347,758,691,7069,6327.0,1531,180,2465.0,580,547,33,42,1200,17125,harnipe01,17.799999999999997
98,17155,Orel Hershiser,1980,1511,98,64,5,1457.0010000000002,508,435,5957,5405.0,1240,75,1709.0,434,381,53,31,1011,17155,hershor01,32.900000000000006
99,17155,Orel Hershiser,1990,1512,105,81,0,1648.6663,822,740,7057,6312.0,1657,155,2525.0,559,505,54,75,990,17155,hershor01,20.299999999999997
100,17158,Ken Hill,1990,1515,105,84,0,1673.3337,798,725,7159,6308.0,1619,133,2428.0,683,649,34,39,1011,17158,hillke01,24.0
101,17248,Darryl Kile,1990,1581,92,95,0,1621.001,871,778,7149,6145.0,1610,150,2445.0,767,731,36,85,1247,17248,kileda01,11.000000000000002
102,17330,Dennis Martinez,1980,1636,107,87,1,1722.0006999999996,848,765,7316,6666.0,1784,190,2755.0,512,485,27,49,868,17330,martide01,14.7
103,17330,Dennis Martinez,1990,1637,92,70,3,1514.667,643,567,6277,5721.0,1397,123,2073.0,410,376,34,61,882,17330,martide01,27.799999999999994
104,17337,Ramon Martinez,1990,1641,118,71,0,1618.0006999999996,715,620,6847,6039.0,1426,139,2160.0,649,613,36,50,1217,17337,martira02,25.200000000000003
105,17355,Jack McDowell,1990,1654,119,77,0,1702.3347,783,733,7176,6509.0,1691,160,2578.0,532,508,24,39,1212,17355,mcdowja01,25.900000000000002
106,17408,Mike Moore,1980,1692,85,107,2,1698.6670000000001,865,779,7219,6481.0,1691,160,2548.0,618,586,32,31,1109,17408,mooremi01,23.1
107,17408,Mike Moore,1990,1693,76,69,0,1133.0,651,602,4984,4355.0,1167,131,1836.0,538,509,29,24,558,17408,mooremi01,4.8999999999999995
108,17416,Mike Morgan,1990,1703,92,101,1,1660.0007,819,740,7028,6321.0,1699,159,2570.0,526,479,47,52,896,17416,morgami01,18.5
109,17519,Mark Portugal,1990,1785,91,75,1,1479.6657,720,648,6254,5659.0,1468,165,2277.0,465,441,24,31,910,17519,portuma01,13.000000000000002
110,17596,Bret Saberhagen,1980,1847,92,61,1,1329.0,522,477,5375,5018.0,1240,105,1870.0,258,239,19,17,870,17596,saberbr01,32.1
111,17596,Bret Saberhagen,1990,1848,74,54,0,1218.6657,503,465,4982,4652.0,1193,110,1819.0,213,198,15,41,835,17596,saberbr01,26.999999999999996
112,17701,Charlie Hough,1980,1936,128,114,2,2121.6656,999,864,8942,7885.0,1842,218,2904.0,867,849,18,80,1363,17701,houghch01,30.5
113,17751,Bill Gullickson,1980,1967,101,86,0,1643.0,725,660,6801,6269.0,1610,152,2447.0,398,353,45,21,916,17751,gullibi01,18.0
114,17779,Dave Stewart,1980,1990,101,74,19,1558.9988999999996,704,638,6635,5897.0,1454,139,2203.0,594,556,38,30,1035,17779,stewada01,18.599999999999998
115,17912,Jack Morris,1980,2086,162,119,0,2443.666,1085,995,10208,9186.0,2212,264,3480.0,858,792,66,23,1629,17912,morrija02,30.3
116,17912,Jack Morris,1990,2087,71,54,0,1031.001,577,520,4448,3961.0,1031,94,1534.0,401,377,24,28,660,17912,morrija02,6.5
117,17937,Kevin Gross,1980,2107,71,78,1,1306.001,626,573,5631,4980.0,1276,124,1955.0,518,485,33,50,885,17937,grosske01,14.299999999999999
118,17937,Kevin Gross,1990,2108,71,80,4,1181.6663,619,564,5160,4567.0,1243,106,1807.0,468,425,43,29,842,17937,grosske01,11.6
119,17960,Rick Sutcliffe,1980,2123,116,93,6,1859.999,866,799,7887,6981.0,1764,160,2672.0,745,689,56,28,1285,17960,sutclri01,27.7
120,17994,Scott Sanderson,1980,2154,85,79,4,1391.6666000000002,612,558,5755,5294.0,1367,143,2144.0,337,306,31,16,893,17994,sandesc01,20.0
121,18012,Ron Darling,1980,2169,87,55,0,1391.6672999999996,593,523,5826,5162.0,1242,126,1900.0,542,524,18,25,991,18012,darliro01,15.5
122,18017,Mark Gubicza,1980,2177,84,67,0,1313.3339999999998,563,512,5532,4920.0,1207,74,1717.0,502,486,16,32,850,18017,gubicma01,26.1
123,18192,Ben McDonald,1990,2285,77,70,0,1283.9989999999998,599,554,5375,4847.0,1178,136,1849.0,433,415,18,31,891,18192,mcdonbe01,21.1
124,18217,Bob Welch,1980,2308,137,93,0,2082.335,821,743,8655,7800.0,1885,155,2769.0,666,626,40,49,1457,18217,welchbo01,35.3
125,18231,Storm Davis,1980,2319,92,62,1,1319.0,616,566,5598,5021.0,1315,99,1890.0,488,458,30,14,769,18231,davisst02,14.399999999999999
126,18312,Babe Adams,1910,2385,119,89,4,1908.666,667,531,7517,0.0,1711,34,0.0,298,298,0,32,714,18312,adamsba01,33.1
127,18379,Vic Aldridge,1920,2421,91,73,4,1481.665,730,629,6359,0.0,1560,86,0.0,469,469,0,37,472,18379,aldrivi01,16.2
128,18383,Doyle Alexander,1970,2423,82,76,3,1363.3323000000005,611,548,5739,5141.0,1311,101,1897.0,475,443,32,21,499,18383,alexado01,8.400000000000002
129,18383,Doyle Alexander,1980,2424,112,98,0,2004.3337,930,858,8423,7776.0,2065,223,3228.0,503,475,28,32,1029,18383,alexado01,26.5
130,18389,Grover Alexander,1910,2426,208,100,16,2752.9990000000003,846,638,10891,0.0,2300,49,0.0,596,596,0,55,1539,18389,alexape01,68.80000000000001
131,18389,Grover Alexander,1920,2427,165,105,16,2415.333,982,816,9893,0.0,2528,111,0.0,349,349,0,15,653,18389,alexape01,47.699999999999996
132,18407,Johnny Allen,1930,2435,108,45,6,1406.3337,654,583,5970,0.0,1323,66,0.0,547,547,0,27,838,18407,allenjo02,25.7
133,18460,Red Ames,1900,2450,72,50,7,1186.6660000000002,475,323,4806,0.0,982,11,0.0,460,460,0,24,844,18460,amesre01,8.700000000000001
134,18460,Red Ames,1910,2451,111,117,29,2011.3329999999999,838,611,8274,0.0,1914,30,0.0,574,574,0,40,858,18460,amesre01,19.700000000000003
135,18512,Joaquin Andujar,1980,2482,90,81,4,1517.3334,670,607,6306,5728.0,1448,126,2140.0,446,398,48,40,772,18512,andujjo01,13.1
136,18599,Elden Auker,1930,2529,86,62,2,1234.667,695,603,5438,0.0,1390,76,0.0,439,439,0,29,394,18599,aukerel01,11.399999999999999
137,18638,Jim Bagby,1910,2554,75,58,21,1123.3333,409,312,4514,0.0,1079,13,0.0,271,271,0,20,299,18638,bagbyji01,20.6
138,18639,Jim Bagby,1940,2557,77,80,7,1387.668,673,577,6005,0.0,1478,82,0.0,482,482,0,23,323,18639,bagbyji02,6.6
139,18641,Stan Bahnsen,1970,2559,110,112,13,1854.6653,869,784,7895,7044.0,1841,164,2729.0,691,653,38,31,961,18641,bahnsst01,15.8
140,18774,Jesse Barnes,1920,2638,99,104,10,1716.0007000000005,845,690,7258,0.0,1914,74,0.0,370,370,0,11,371,18774,barneje01,14.699999999999998
141,18795,Jim Barr,1970,2653,91,102,7,1775.9993000000004,764,686,7386,6820.0,1849,133,2660.0,406,348,58,22,636,18795,barrji01,29.1
142,18988,Gary Bell,1960,2749,93,96,45,1599.0,755,653,6805,5972.0,1445,161,2226.0,664,604,60,44,1132,18988,bellga01,10.600000000000001
143,19005,Chief Bender,1900,2756,102,71,8,1549.0,589,419,1505,0.0,1309,20,0.0,362,362,0,59,935,19005,bendech01,21.299999999999997
144,19005,Chief Bender,1910,2757,110,56,26,1467.0,517,402,5772,0.0,1335,19,0.0,349,349,0,43,776,19005,bendech01,21.200000000000003
145,19009,Ray Benge,1930,2760,80,97,14,1451.3342999999998,831,693,6371,0.0,1679,93,0.0,426,426,0,21,503,19009,bengera01,11.9
146,19029,Larry Benton,1920,2771,91,70,12,1451.6660000000002,677,601,6172,0.0,1514,65,0.0,485,485,0,20,478,19029,bentola01,18.9
147,19033,Joe Benz,1910,2776,77,75,3,1359.6663999999996,509,367,5406,0.0,1225,16,0.0,334,334,0,24,539,19033,benzjo01,19.500000000000004
148,19062,Bill Bernhard,1900,2789,110,75,3,1659.6670000000006,792,566,0,0.0,1740,23,0.0,329,329,0,22,522,19062,bernhbi01,14.3
149,19110,Jim Bibby,1970,2808,81,80,6,1296.3333000000002,607,539,5498,4828.0,1165,96,1714.0,548,515,33,31,837,19110,bibbyji01,14.0
150,19130,Jack Billingham,1970,2823,135,103,5,2045.6670000000001,970,857,8615,7718.0,2070,157,2926.0,673,597,76,87,1017,19130,billija01,9.5
151,19184,George Blaeholder,1930,2856,80,94,7,1466.999,871,747,6448,0.0,1734,128,0.0,417,417,0,9,410,19184,blaehge01,20.0
152,19195,Sheriff Blake,1920,2860,71,74,6,1231.9993,610,522,5349,0.0,1299,42,0.0,542,542,0,23,449,19195,blakesh01,11.6
153,19209,Ted Blankenship,1920,2868,75,78,4,1316.0003,704,619,5704,0.0,1439,63,0.0,482,482,0,12,376,19209,blankte01,11.899999999999999
154,19249,Bert Blyleven,1970,2890,148,128,0,2624.666,949,841,10723,9757.0,2335,186,3356.0,711,668,43,70,2082,19249,blylebe01,57.89999999999999
155,19249,Bert Blyleven,1980,2891,123,103,0,2078.3333,919,841,8623,7894.0,1984,212,3030.0,557,531,26,73,1480,19249,blylebe01,37.900000000000006
156,19261,Mike Boddicker,1980,2896,101,87,0,1574.3327,726,648,6627,5952.0,1500,148,2256.0,541,512,29,52,1037,19261,boddimi01,22.900000000000002
157,19291,Bobby Bolin,1960,2919,73,56,21,1282.333,542,465,5399,4784.0,1088,129,1690.0,477,422,55,53,977,19291,bolinbo01,14.4
158,19308,Bill Bonham,1970,2928,73,82,11,1468.3337,733,652,6406,5615.0,1491,97,2074.0,631,574,57,35,972,19308,bonhabi01,17.9
159,19309,Tiny Bonham,1940,2930,103,72,9,1551.0022999999994,580,528,6284,0.0,1501,117,0.0,287,287,0,9,478,19309,bonhati01,24.3
160,19350,Hank Borowy,1940,2952,104,76,7,1607.3329999999999,692,599,6772,0.0,1542,96,0.0,567,567,0,5,650,19350,borowha01,16.4
161,19523,Tom Brewer,1950,3057,78,65,2,1280.6660000000004,625,555,5468,4187.0,1221,109,1519.0,568,543,25,37,660,19523,breweto01,11.700000000000003
162,19534,Tommy Bridges,1930,3063,150,102,8,2082.9997,1021,870,9033,0.0,2015,138,0.0,902,902,0,29,1207,19534,bridgto01,35.4
163,19544,Nelson Briles,1970,3069,74,65,6,1248.6672999999996,592,513,5243,4833.0,1292,125,1924.0,309,274,35,24,650,19544,brilene01,10.4
164,19600,Clint Brown,1930,3101,81,80,49,1309.0000000000002,746,632,5725,0.0,1540,76,0.0,314,314,0,16,358,19600,browncl01,17.6
165,19636,Three Finger Brown,1900,3124,144,65,19,1827.666,517,331,7000,0.0,1443,16,0.0,356,356,0,35,799,19636,brownmo01,40.0
166,19636,Three Finger Brown,1910,3125,95,65,30,1344.6660000000002,527,394,5422,0.0,1265,27,0.0,317,317,0,26,576,19636,brownmo01,16.299999999999997
167,19716,Bob Buhl,1950,3166,84,52,5,1170.667,480,409,4853,3222.0,1054,84,1128.0,577,558,19,11,592,19716,buhlbo01,15.500000000000004
168,19716,Bob Buhl,1960,3167,82,80,1,1416.333,682,610,5976,5333.0,1392,154,2135.0,528,495,33,26,676,19716,buhlbo01,12.399999999999999
169,19728,Jim Bunning,1960,3175,150,118,11,2590.3320000000003,984,867,10640,9739.0,2338,230,3532.0,621,554,67,111,2019,19728,bunniji01,46.4
170,19737,Lew Burdette,1950,3182,126,82,17,1863.6666,792,701,7549,4884.0,1886,160,1918.0,442,408,34,29,661,19737,burdele01,22.4
171,19737,Lew Burdette,1960,3183,77,62,14,1203.667,608,545,4985,4701.0,1300,129,1971.0,186,157,29,27,413,19737,burdele01,3.2000000000000006
172,19819,Guy Bush,1930,3222,112,86,15,1628.3329999999999,836,727,7059,0.0,1808,98,0.0,466,466,0,18,498,19819,bushgu01,10.799999999999999
173,19820,Joe Bush,1910,3224,78,90,9,1359.6670000000001,576,442,5603,0.0,1213,17,0.0,576,576,0,24,687,19820,bushjo01,11.5
174,19820,Joe Bush,1920,3225,118,94,10,1725.6670000000001,863,761,7450,0.0,1777,79,0.0,687,687,0,39,631,19820,bushjo01,20.2
175,19889,Ray Caldwell,1910,3271,108,104,4,1857.3333,746,620,7437,0.0,1644,43,0.0,626,626,0,57,850,19889,caldwra02,29.7
176,19921,Howie Camnitz,1910,3291,77,79,9,1327.667,600,477,5481,0.0,1274,34,0.0,435,435,0,47,553,19921,camniho01,10.4
177,19984,Don Cardwell,1960,3333,84,111,6,1685.9993,799,690,6907,6218.0,1591,162,2394.0,508,441,67,84,912,19984,cardwdo01,14.5
178,19997,Tex Carleton,1930,3335,94,70,7,1458.3329999999999,702,635,6296,0.0,1490,93,0.0,514,514,0,35,720,19997,carlete01,13.100000000000001
179,20002,Hal Carlson,1920,3342,95,96,18,1636.0006,872,762,7050,0.0,1922,87,0.0,391,391,0,29,454,20002,carlsha01,19.3
180,20152,Dean Chance,1960,3430,115,100,18,1900.6676,706,586,7818,7010.0,1598,99,2179.0,628,569,59,55,1361,20152,chancde01,33.6
181,20155,Spud Chandler,1940,3434,85,34,6,1211.667,425,359,4939,0.0,1039,49,0.0,387,387,0,16,543,20155,chandsp01,18.5
182,20194,Larry Cheney,1910,3452,116,100,19,1881.332,784,564,7865,0.0,1605,36,0.0,733,733,0,59,926,20194,chenela01,16.799999999999997
183,20197,Jack Chesbro,1900,3455,192,123,5,2747.6677,1107,796,1405,0.0,2482,36,0.0,631,631,0,102,1237,20197,chesbja01,41.99999999999999
184,20248,Eddie Cicotte,1910,3487,162,120,19,2535.0,885,645,9959,0.0,2241,23,0.0,633,633,0,38,1104,20248,cicoted01,48.00000000000001
185,20266,Jim Clancy,1980,3494,119,126,1,2017.6670000000001,1017,918,8582,7740.0,1996,207,3079.0,711,681,30,27,1145,20266,clancji01,19.600000000000005
186,20348,Reggie Cleveland,1970,3532,92,94,20,1586.0,801,702,6780,6146.0,1629,138,2401.0,463,399,64,38,855,20348,clevere01,8.9
187,20360,Tony Cloninger,1960,3537,101,82,5,1496.3337,770,679,6245,5477.0,1399,156,2107.0,652,599,53,24,1002,20360,clonito01,0.7000000000000006
188,20403,Jim Colborn,1970,3572,82,88,7,1582.6660000000004,744,670,6678,6068.0,1604,151,2391.0,466,426,40,40,684,20403,colboji01,16.0
189,20419,Joe Coleman,1970,3581,107,97,6,1937.6678,919,810,8278,7271.0,1813,183,2742.0,795,744,51,63,1319,20419,colemjo05,20.300000000000004
190,20452,Rip Collins,1920,3595,94,70,3,1433.6663,781,632,6267,0.0,1497,57,0.0,573,573,0,75,460,20452,colliri01,13.599999999999998
191,20564,Jack Coombs,1910,3644,123,75,5,1650.0003,671,534,6742,0.0,1488,34,0.0,570,570,0,63,711,20564,coombja01,15.799999999999999
192,20578,Mort Cooper,1940,3654,114,68,9,1606.3344,598,523,6627,0.0,1441,77,0.0,462,462,0,25,772,20578,coopemo01,28.400000000000002
193,20649,Stan Coveleski,1910,3691,82,53,12,1148.333,376,302,4558,0.0,1014,13,0.0,292,292,0,12,423,20649,covelst01,26.9
194,20649,Stan Coveleski,1920,3692,133,89,9,1933.6663,851,688,8171,0.0,2041,53,0.0,510,510,0,18,558,20649,covelst01,39.1
195,20693,Doc Crandall,1910,3721,84,46,19,1210.0009000000002,528,393,4988,0.0,1223,44,0.0,287,287,0,27,474,20693,cranddo01,12.1
196,20777,Alvin Crowder,1930,3750,115,79,12,1592.6660000000004,818,737,6837,0.0,1717,95,0.0,472,472,0,10,543,20777,crowdal01,18.3
197,20824,Ray Culp,1960,3772,84,57,1,1249.333,559,496,5293,4662.0,1080,128,1724.0,509,466,43,47,979,20824,culpra01,11.100000000000001
198,20950,Hooks Dauss,1910,3830,126,92,15,1869.001,781,592,7558,0.0,1714,25,0.0,591,591,0,82,739,20950,daussho01,21.4
199,20950,Hooks Dauss,1920,3831,97,90,24,1521.6660000000004,813,653,6617,0.0,1693,62,0.0,476,476,0,39,462,20950,daussho01,15.9
200,20955,Dave Davenport,1910,3834,73,83,12,1537.0010000000002,641,501,6222,0.0,1399,22,0.0,521,521,0,40,719,20955,davenda01,14.6
201,20978,Curt Davis,1930,3846,92,73,19,1263.6660000000002,579,492,5317,0.0,1368,79,0.0,262,262,0,25,381,20978,daviscu01,24.800000000000004
202,20981,Dixie Davis,1920,3849,75,68,2,1241.9979999999996,680,557,5454,0.0,1241,61,0.0,640,640,0,43,428,20981,davisdi01,14.800000000000002
203,21035,Dizzy Dean,1930,3876,147,80,30,1908.3329999999999,736,628,7903,0.0,1845,91,0.0,432,432,0,27,1144,21035,deandi01,44.099999999999994
204,21102,Al Demaree,1910,3904,80,72,9,1424.001,556,439,5799,0.0,1350,34,0.0,337,337,0,30,514,21102,demaral01,11.7
205,21124,John Denny,1980,3916,72,62,0,1214.0000000000002,539,475,5114,4598.0,1181,75,1660.0,417,388,29,29,737,21124,dennyjo01,20.599999999999998
206,21136,Paul Derringer,1930,3920,148,137,18,2343.667,1083,911,9948,0.0,2584,93,0.0,481,481,0,27,1018,21136,derripa01,28.4
207,21136,Paul Derringer,1940,3921,75,75,11,1301.3339999999996,569,490,5443,0.0,1328,65,0.0,280,280,0,5,489,21136,derripa01,10.700000000000001
208,21179,Murry Dickson,1950,3942,106,124,16,1918.0,945,816,8091,3441.0,1969,217,1362.0,637,619,18,23,774,21179,dicksmu01,24.900000000000002
209,21185,Larry Dierker,1970,3946,84,73,1,1353.0013,566,530,5630,5083.0,1274,114,1896.0,440,419,21,36,810,21185,dierkla01,17.1
210,21214,Bill Dinneen,1900,3959,147,141,7,2565.334,1080,805,1082,0.0,2369,66,0.0,635,635,0,49,953,21214,dinnebi01,35.2
211,21229,Bill Doak,1910,3971,87,89,6,1514.0,588,443,6188,0.0,1346,29,0.0,467,467,0,38,629,21229,doakbi01,13.7
212,21229,Bill Doak,1920,3972,82,68,10,1268.6663,596,477,5394,0.0,1330,42,0.0,384,384,0,27,385,21229,doakbi01,15.599999999999998
213,21237,Joe Dobson,1940,3982,94,69,8,1434.6670000000001,640,569,6062,0.0,1343,81,0.0,570,570,0,9,665,21237,dobsojo01,18.1
214,21238,Pat Dobson,1970,3985,111,109,3,1840.999,832,738,7707,7008.0,1816,168,2647.0,551,487,64,21,1110,21238,dobsopa01,15.3
215,21264,Red Donahue,1900,3992,110,90,1,1775.0,769,554,0,0.0,1880,23,0.0,336,336,0,50,542,21264,donahre01,24.799999999999997
216,21281,Pete Donohue,1920,4002,126,107,10,1961.9999999999993,969,803,8355,0.0,2210,57,0.0,376,376,0,43,532,21281,donohpe01,17.7
217,21284,Bill Donovan,1900,4005,154,112,7,2426.001,938,694,1547,0.0,2118,21,0.0,838,838,0,71,1293,21284,donovbi01,37.0
218,21311,Richard Dotson,1980,4018,109,109,0,1804.3333,922,835,7788,6916.0,1813,191,2798.0,720,697,23,40,951,21311,dotsori01,16.9
219,21359,Dick Drago,1970,4048,86,91,49,1488.0,632,577,6247,5655.0,1513,117,2191.0,434,377,57,47,789,21359,dragodi01,18.3
220,21395,Don Drysdale,1960,4071,158,126,4,2629.6657,961,827,10665,9818.0,2341,207,3387.0,598,496,102,112,1910,21395,drysddo01,44.699999999999996
221,21397,Jean Dubuc,1910,4075,77,65,12,1287.6667,580,433,5245,0.0,1156,17,0.0,490,490,0,38,387,21397,dubucje01,10.0
222,21419,Bill Duggleby,1900,4086,90,99,6,1687.3333,812,583,4703,0.0,1774,35,0.0,406,406,0,77,441,21419,dugglbi01,15.4
223,21500,George Earnshaw,1930,4130,96,78,10,1502.3339999999996,872,773,6622,0.0,1605,127,0.0,584,584,0,19,736,21500,earnsge01,13.6
224,21566,Howard Ehmke,1920,4171,136,137,12,2265.0007,1151,959,9783,0.0,2319,89,0.0,805,805,0,118,824,21566,ehmkeho01,37.300000000000004
225,21600,Dock Ellis,1970,4192,121,97,1,1805.001,822,701,7635,6902.0,1779,122,2498.0,560,505,55,39,911,21600,ellisdo01,12.899999999999997
226,21665,Carl Erskine,1950,4231,108,74,13,1575.0005999999996,758,699,6663,2591.0,1518,188,1156.0,560,547,13,13,903,21665,erskica01,15.2
227,21721,Bob Ewing,1900,4254,108,103,4,2020.335,805,531,7501,0.0,1831,24,0.0,513,513,0,48,884,21721,ewingbo01,27.099999999999998
228,21730,Red Faber,1910,4257,82,55,11,1177.3327,469,318,4749,0.0,1064,18,0.0,377,377,0,46,512,21730,faberre01,13.000000000000002
229,21730,Red Faber,1920,4258,149,116,4,2364.0,1045,878,9958,0.0,2429,73,0.0,664,664,0,47,804,21730,faberre01,46.19999999999999
230,21753,Cy Falkenberg,1910,4274,84,64,6,1317.3337,528,384,5273,0.0,1225,18,0.0,361,361,0,31,686,21753,falkecy01,17.8
231,21785,Turk Farrell,1960,4290,87,93,56,1465.9997,631,560,6071,5541.0,1403,134,2156.0,364,305,59,24,1019,21785,farretu01,22.8
232,21807,Bob Feller,1940,4303,137,82,16,1896.999,677,611,7880,0.0,1539,95,0.0,827,827,0,22,1396,21807,fellebo01,38.2
233,21807,Bob Feller,1950,4304,74,50,1,1145.001,542,474,4879,1460.0,1112,98,540.0,434,428,6,22,473,21807,fellebo01,7.700000000000001
234,21834,Wes Ferrell,1930,4320,170,115,8,2345.3333,1251,1062,10347,0.0,2554,124,0.0,911,911,0,18,867,21834,ferrewe01,42.900000000000006
235,21859,Ed Figueroa,1970,4338,77,57,0,1203.667,490,435,5025,4522.0,1139,77,1617.0,401,387,14,18,545,21859,figueed01,17.400000000000002
236,21872,Rollie Fingers,1970,4353,84,85,209,1218.9996999999996,438,391,4951,4459.0,1038,84,1484.0,353,279,74,32,973,21872,fingero01,16.2
237,21913,Jack Fisher,1960,4381,85,133,7,1887.001,988,861,8077,7336.0,1985,186,2961.0,567,529,38,51,965,21913,fisheja01,3.9000000000000004
238,21916,Ray Fisher,1910,4383,90,83,6,1554.6666,641,489,6212,0.0,1478,28,0.0,431,431,0,35,624,21916,fishera01,20.200000000000003
239,21940,Al Fitzmorris,1970,4392,76,58,5,1266.333,568,513,5344,4811.0,1275,82,1782.0,429,382,47,11,455,21940,fitzmal01,15.700000000000001
240,21942,Freddie Fitzsimmons,1920,4393,72,43,5,1021.3337,483,401,4288,0.0,1060,53,0.0,274,274,0,14,265,21942,fitzsfr01,11.399999999999999
241,21942,Freddie Fitzsimmons,1930,4394,120,96,7,1937.6670000000001,912,763,8171,0.0,2021,119,0.0,499,499,0,15,539,21942,fitzsfr01,17.3
242,22029,Russ Ford,1910,4429,99,71,9,1484.3329999999999,591,425,5892,0.0,1336,45,0.0,372,372,0,31,708,22029,fordru01,32.9
243,22039,Bob Forsch,1970,4439,72,59,0,1193.667,548,464,5000,4506.0,1136,87,1645.0,393,361,32,18,524,22039,forscbo01,12.199999999999998
244,22039,Bob Forsch,1980,4440,96,77,3,1601.0003,771,705,6715,6120.0,1641,129,2442.0,439,387,52,27,609,22039,forscbo01,6.6000000000000005
245,22096,Fred Frankhouse,1930,4478,91,92,10,1620.6667000000002,834,709,7126,0.0,1752,94,0.0,606,606,0,33,536,22096,frankfr02,13.6
246,22102,Chick Fraser,1900,4481,118,134,5,2204.666,1155,805,5925,0.0,2175,42,0.0,836,836,0,117,792,22102,frasech01,14.700000000000001
247,22146,Bob Friend,1950,4505,103,127,7,1976.0,986,851,7854,4471.0,2083,176,1747.0,585,535,50,23,901,22146,frienbo01,21.8
248,22146,Bob Friend,1960,4506,94,103,4,1635.0010000000002,666,587,6725,6302.0,1689,110,2341.0,309,244,65,23,833,22146,frienbo01,24.900000000000002
249,22226,Denny Galehouse,1940,4549,75,79,6,1380.332,636,559,5932,0.0,1452,68,0.0,457,457,0,12,560,22226,galehde01,18.700000000000003
250,22280,Mike Garcia,1950,4563,128,91,19,1960.3339999999998,814,724,8328,3456.0,1945,113,1314.0,636,616,20,30,1000,22280,garcimi01,26.599999999999998
251,22322,Ned Garver,1950,4587,106,117,4,1904.3327,891,783,7647,3691.0,1876,168,1442.0,633,610,23,35,677,22322,garvene01,27.999999999999996
252,22373,Joe Genewich,1920,4619,71,87,9,1340.6660000000002,734,630,5845,0.0,1539,71,0.0,382,382,0,34,303,22373,genewjo01,9.3
253,22422,Bob Gibson,1960,4642,164,105,4,2446.9997000000008,847,746,10046,9000.0,1984,166,2849.0,822,763,59,75,2071,22422,gibsobo01,54.199999999999996
254,22422,Bob Gibson,1970,4643,84,64,2,1361.6670000000001,538,484,5687,5080.0,1218,87,1720.0,475,418,57,26,998,22422,gibsobo01,26.099999999999998
255,22566,Dave Goltz,1970,4699,96,79,3,1637.999,729,634,6888,6268.0,1654,119,2365.0,493,474,19,24,887,22566,goltzda01,24.5
256,22574,Ruben Gomez,1950,4704,74,80,3,1325.6663,657,592,5501,3290.0,1293,137,1365.0,522,493,29,40,615,22574,gomezru01,14.5
257,22685,Mudcat Grant,1960,4751,111,95,12,1835.0003,862,758,7739,7005.0,1763,228,2779.0,598,564,34,26,978,22685,grantmu01,12.000000000000002
258,22702,Dolly Gray,1920,4760,82,60,12,1207.001,606,489,5216,0.0,1277,58,0.0,435,435,0,19,476,22702,graysa01,19.8
259,22770,Clark Griffith,1900,4799,85,54,4,1216.667,573,409,31,0.0,1225,28,0.0,235,235,0,51,354,22770,griffcl01,17.199999999999996
260,22781,Burleigh Grimes,1920,4807,190,130,11,2797.668,1354,1093,12039,0.0,2988,105,0.0,842,842,0,62,1018,22781,grimebu01,38.49999999999999
261,22800,Bob Groom,1910,4822,112,124,13,2075.6673,954,723,8431,0.0,1987,47,0.0,678,678,0,42,1028,22800,groombo01,13.6
262,22844,Harry Gumbert,1940,4851,88,73,47,1310.3337,567,500,5559,0.0,1302,67,0.0,428,428,0,9,416,22844,gumbeha01,14.600000000000003
263,22867,Moose Haas,1980,4865,77,56,1,1225.999,560,517,5090,4734.0,1279,109,1891.0,273,247,26,8,604,22867,haasmo01,15.400000000000002
264,22880,Bump Hadley,1930,4874,121,119,20,2121.666,1147,992,9372,0.0,2127,133,0.0,1061,1061,0,38,1006,22880,hadlebu01,28.600000000000005
265,22903,Jesse Haines,1920,4890,153,119,4,2328.334,1132,935,9897,0.0,2490,122,0.0,644,644,0,47,742,22903,haineje01,24.400000000000002
266,22930,Dick Hall,1960,4901,71,51,62,979.6661,364,330,3898,3642.0,864,97,1368.0,164,114,50,14,602,22930,halldi01,15.8
267,23017,Mel Harder,1930,4949,158,123,21,2326.0,1168,967,10102,0.0,2557,101,0.0,692,692,0,41,813,23017,hardeme01,45.3
268,23046,Bob Harmon,1910,4967,101,122,12,1895.0003,872,696,7871,0.0,1811,38,0.0,697,697,0,34,586,23046,harmobo01,13.199999999999998
269,23053,Jack Harper,1900,4971,79,60,1,1179.6667,635,464,2753,0.0,1154,22,0.0,426,426,0,53,452,23053,harpeja01,4.8
270,23099,Slim Harriss,1920,4996,95,135,16,1750.3339999999998,1006,827,7661,0.0,1963,73,0.0,630,630,0,41,644,23099,harrisl01,18.9
271,23172,Andy Hawkins,1980,5034,75,73,0,1311.0006999999996,658,582,5620,4987.0,1327,122,2011.0,488,452,36,32,587,23172,hawkian01,4.3
272,23210,Jim Hearn,1950,5054,88,73,6,1410.0003000000004,709,597,5890,2321.0,1370,137,901.0,534,512,22,20,567,23210,hearnji01,12.600000000000001
273,23290,Claude Hendrix,1910,5094,135,104,17,2167.667,809,617,8779,0.0,1907,35,0.0,643,643,0,46,1020,23290,hendrcl01,24.400000000000002
274,23325,Ray Herbert,1960,5122,72,66,4,1228.0023,543,494,5145,4736.0,1293,101,1866.0,297,273,24,16,532,23325,herbera01,15.4
275,23405,Kirby Higbe,1940,5164,105,83,22,1692.6676,759,663,7273,0.0,1492,102,0.0,819,819,0,25,853,23405,higbeki01,18.400000000000002
276,23426,Oral Hildebrand,1930,5175,82,77,13,1411.3327,774,688,6225,0.0,1471,98,0.0,609,609,0,21,522,23426,hildeor01,20.900000000000002
277,23609,Burt Hooton,1970,5283,105,93,2,1788.3333,716,633,7391,6704.0,1635,119,2302.0,527,486,41,14,1037,23609,hootobu01,29.1
278,23628,Joe Horlen,1960,5291,99,88,1,1608.3347,579,505,6575,5982.0,1407,112,2042.0,463,408,55,40,848,23628,horlejo01,23.799999999999997
279,23690,Harry Howell,1900,5319,116,138,5,2337.0003,1014,676,1405,0.0,2165,26,0.0,595,595,0,86,925,23690,howelha01,31.1
280,23701,La Marr Hoyt,1980,5327,98,68,10,1308.3337,637,582,5409,5031.0,1311,140,2060.0,279,255,24,18,681,23701,hoytla01,12.600000000000001
281,23702,Waite Hoyt,1920,5329,161,102,29,2346.0,1080,914,9964,0.0,2464,88,0.0,669,669,0,33,748,23702,hoytwa01,36.60000000000001
282,23702,Waite Hoyt,1930,5330,72,74,23,1310.0003,658,548,5643,0.0,1474,65,0.0,312,312,0,16,428,23702,hoytwa01,16.7
283,23715,Willis Hudlin,1930,5340,105,106,23,1736.3339999999996,1042,889,7714,0.0,2053,87,0.0,571,571,0,21,461,23715,hudliwi01,16.4
284,23741,Tom Hughes,1900,5358,104,135,9,2095.333,984,697,1569,0.0,2029,31,0.0,637,637,0,77,1115,23741,hugheto01,14.5
285,23748,Tex Hughson,1940,5366,96,54,17,1375.6660000000004,504,450,5663,0.0,1270,77,0.0,372,372,0,11,693,23748,hughste01,26.099999999999998
286,23778,Catfish Hunter,1970,5382,169,102,0,2398.9990000000007,936,846,9703,8903.0,2047,257,3284.0,606,575,31,34,1309,23778,hunteca01,28.000000000000004
287,23858,Larry Jackson,1960,5420,141,132,0,2335.667,988,853,9642,8932.0,2264,174,3271.0,535,470,65,40,1206,23858,jacksla01,35.8
288,23920,Joey Jay,1960,5463,84,75,6,1265.6660000000002,594,540,5384,4792.0,1220,130,1858.0,466,443,23,29,817,23920,jayjo01,12.6
289,23931,Fergie Jenkins,1970,5471,178,130,0,2706.6659999999997,1128,1015,11009,10254.0,2507,301,3978.0,518,463,55,51,1841,23931,jenkife01,52.6
290,24006,Ken Johnson,1960,5520,90,105,9,1718.0003000000004,759,651,6873,6294.0,1644,153,2383.0,404,348,56,54,1029,24006,johnske02,20.6
291,24033,Walter Johnson,1910,5537,265,143,20,3428.0,881,606,13100,0.0,2604,29,0.0,661,661,0,114,2219,24033,johnswa01,108.0
292,24033,Walter Johnson,1920,5538,120,88,12,1823.668,799,675,7669,0.0,1768,66,0.0,545,545,0,63,895,24033,johnswa01,32.2
293,24111,Sad Sam Jones,1920,5575,137,118,23,2230.0019999999995,1137,948,9559,0.0,2345,85,0.0,791,791,0,36,718,24111,jonessa01,26.0
294,24112,Sam Jones,1950,5577,72,75,5,1178.3347,514,461,4855,3987.0,972,107,1383.0,629,606,23,46,994,24112,jonessa02,18.8
295,24146,Addie Joss,1900,5589,155,92,5,2219.667,695,461,2121,0.0,1792,17,0.0,346,346,0,56,871,24146,jossad01,44.6
296,24472,Bruce Kison,1970,5767,81,63,6,1266.333,577,491,5361,4747.0,1162,90,1704.0,469,428,41,49,735,24472,kisonbr01,8.1
297,24474,Frank Kitson,1900,5769,99,97,7,1775.668,872,640,0,0.0,1881,46,0.0,391,391,0,61,624,24474,kitsofr01,12.299999999999999
298,24618,Jack Kramer,1940,5857,82,78,6,1293.667,664,572,5589,0.0,1344,67,0.0,492,492,0,5,501,24618,krameja01,9.7
299,24635,Ray Kremer,1920,5871,107,55,10,1372.0,598,527,5755,0.0,1399,81,0.0,330,330,0,22,390,24635,kremera01,24.2
300,24661,Mike Krukow,1980,5889,98,91,1,1711.3329999999999,823,724,7302,6558.0,1690,156,2557.0,570,510,60,36,1171,24661,krukomi01,14.899999999999999
301,24712,Mike Lacoss,1980,5922,73,78,12,1312.9987,661,577,5646,4987.0,1344,72,1836.0,537,470,67,24,610,24712,lacosmi01,0.09999999999999964
302,24826,Frank Lary,1950,5994,79,69,6,1253.6667,528,462,5311,4777.0,1249,96,1771.0,394,370,24,53,643,24826,laryfr01,20.0
303,24857,Vern Law,1950,6014,82,86,13,1441.0009999999993,732,637,5611,4029.0,1538,142,1657.0,390,349,41,25,518,24857,lawve01,14.7
304,24857,Vern Law,1960,6015,80,61,0,1231.0,542,481,4931,4644.0,1295,126,1873.0,207,174,33,15,574,24857,lawve01,11.5
305,24901,Bill Lee,1930,6035,106,70,8,1570.6660000000004,645,560,6590,0.0,1562,84,0.0,483,483,0,13,640,24901,leebi02,27.200000000000003
306,24922,Sam Leever,1900,6050,166,72,8,2137.667,777,554,5978,0.0,1966,20,0.0,435,435,0,70,678,24922,leevesa01,32.800000000000004
307,24960,Bob Lemon,1950,6077,150,94,15,2015.3323,872,749,8589,3436.0,1890,141,1309.0,820,807,13,44,888,24960,lemonbo01,25.5
308,24978,Dennis Leonard,1970,6085,87,62,1,1316.667,585,518,5463,4947.0,1242,112,1846.0,385,366,19,42,857,24978,leonade01,16.9
309,24980,Dutch Leonard,1940,6090,122,123,2,2047.334,884,715,8535,0.0,2105,84,0.0,445,445,0,31,779,24980,leonadu02,31.9
310,25124,Billy Loes,1950,6169,71,56,27,1030.0,477,435,4358,2010.0,981,96,756.0,365,351,14,26,562,25124,loesbi01,10.6
311,25145,Jim Lonborg,1970,6183,103,80,2,1567.0003,735,664,6670,6013.0,1569,146,2395.0,496,444,52,58,812,25145,lonboji01,9.0
312,25223,Red Lucas,1930,6226,98,94,1,1622.001,782,679,6818,0.0,1792,96,0.0,264,264,0,13,377,25223,lucasre01,19.4
313,25248,Carl Lundgren,1900,6241,91,55,6,1322.0003,496,355,4656,0.0,1129,16,0.0,476,476,0,35,535,25248,lundgca01,13.3
314,25254,Dolf Luque,1920,6244,138,146,7,2479.667,1059,851,10321,0.0,2446,75,0.0,688,688,0,21,904,25254,luquedo01,37.800000000000004
315,25293,Ted Lyons,1920,6260,104,87,18,1592.3337,777,644,6818,0.0,1694,53,0.0,487,487,0,10,342,25293,lyonste01,23.700000000000003
316,25293,Ted Lyons,1930,6261,117,115,5,1972.001,1038,855,8501,0.0,2203,130,0.0,525,525,0,15,536,25293,lyonste01,32.099999999999994
317,25308,Danny MacFayden,1930,6271,101,111,5,1997.0013,998,858,8675,0.0,2200,76,0.0,606,606,0,41,600,25308,macfada01,19.7
318,25365,Sal Maglie,1950,6296,114,58,14,1638.6663,662,581,6731,2741.0,1519,167,1063.0,540,532,8,42,830,25365,maglisa01,31.2
319,25384,Rick Mahler,1980,6306,87,101,2,1728.667,852,754,7350,6656.0,1837,141,2640.0,528,465,63,30,845,25384,mahleri01,18.7
320,25433,Pat Malone,1930,6333,94,69,22,1397.3333,717,610,6076,0.0,1433,76,0.0,504,504,0,33,703,25433,malonpa02,11.2
321,25436,Jim Maloney,1960,6335,134,80,3,1801.9994,689,617,7507,6587.0,1457,132,2141.0,771,734,37,33,1585,25436,malonji01,35.2
322,25489,Firpo Marberry,1920,6355,78,56,75,1038.332,480,397,4403,0.0,1006,26,0.0,377,377,0,31,453,25489,marbefi01,16.900000000000002
323,25495,Juan Marichal,1960,6363,191,88,2,2549.6663,861,728,10213,9559.0,2161,223,3172.0,503,446,57,30,1840,25495,maricju01,55.3
324,25531,Mike Marshall,1970,6381,89,94,177,1176.6661,446,390,4905,4298.0,1063,61,1460.0,439,392,47,25,771,25531,marshmi01,16.1
325,25607,Christy Mathewson,1900,6428,236,112,16,2974.6677,952,654,9027,0.0,2435,37,0.0,644,644,0,50,1799,25607,mathech01,67.60000000000001
326,25607,Christy Mathewson,1910,6429,137,76,14,1813.9997,668,481,7226,0.0,1784,52,0.0,204,204,0,9,708,25607,mathech01,29.899999999999995
327,25662,Erskine Mayer,1910,6462,91,70,6,1427.0003000000004,600,469,5906,0.0,1415,43,0.0,345,345,0,55,482,25662,mayerer01,12.700000000000001
328,25671,Carl Mays,1910,6464,81,54,12,1225.0,399,293,4840,0.0,1014,11,0.0,327,327,0,49,453,25671,maysca01,19.0
329,25671,Carl Mays,1920,6465,127,72,19,1796.3337,812,686,7512,0.0,1898,62,0.0,407,407,0,40,409,25671,maysca01,24.599999999999998
330,25870,Joe McGinnity,1900,6558,218,126,22,3075.0,1272,907,8068,0.0,2918,49,0.0,719,719,0,153,994,25870,mcginjo01,51.6
331,25872,Lynn McGlothen,1970,6559,73,75,2,1233.9996999999996,582,521,5296,4709.0,1248,101,1836.0,471,422,49,22,780,25872,mcgloly01,13.0
332,25936,Denny McLain,1960,6596,114,57,1,1501.6660000000004,554,507,6041,5518.0,1221,176,2007.0,422,406,16,19,1098,25936,mclaide01,22.1
333,26011,Hugh McQuillan,1920,6634,85,91,15,1492.6670000000001,747,639,6403,0.0,1630,64,0.0,470,470,0,17,432,26011,mcquihu01,9.0
334,26030,Lee Meadows,1920,6645,128,103,2,1946.3327,973,792,8317,0.0,2130,65,0.0,524,524,0,48,574,26030,meadole01,24.700000000000003
335,26038,Doc Medich,1970,6648,88,73,2,1463.0,660,596,6181,5606.0,1467,118,2133.0,442,406,36,26,726,26038,medicdo01,16.0
336,26112,Andy Messersmith,1970,6683,110,86,9,1899.0006000000005,710,619,7791,6937.0,1506,154,2268.0,696,663,33,34,1340,26112,messean01,30.4
337,26329,Bill Monbouquette,1960,6807,104,101,3,1755.3329999999999,799,713,7349,6810.0,1778,192,2773.0,409,370,39,17,1005,26329,monbobi01,22.1
338,26379,Earl Moore,1900,6843,104,87,2,1727.3339999999996,744,482,1355,0.0,1527,29,0.0,595,595,0,66,833,26379,mooreea01,20.9
339,26478,Johnny Morrison,1920,6902,102,78,22,1500.3337,708,601,6365,0.0,1527,54,0.0,490,490,0,28,535,26478,morrijo04,22.0
340,26491,Carl Morton,1970,6907,87,89,1,1619.3340000000005,761,669,6879,6183.0,1724,118,2378.0,547,485,62,25,634,26491,mortoca01,17.400000000000002
341,26559,George Mullin,1900,6939,157,134,6,2592.334,1116,765,2376,0.0,2434,19,0.0,833,833,0,78,1091,26559,mullige01,25.799999999999997
342,26559,George Mullin,1910,6940,71,62,2,1094.3333,520,391,4543,0.0,1084,23,0.0,405,405,0,52,391,26559,mullige01,9.200000000000001
343,26570,Bob Muncrief,1940,6944,80,82,9,1393.3323,659,583,5921,0.0,1488,104,0.0,383,383,0,15,522,26570,muncrbo01,15.899999999999997
344,26574,Van Lingle Mungo,1930,6948,101,99,13,1715.3323000000007,771,652,7313,0.0,1593,73,0.0,685,685,0,23,1022,26574,mungova01,26.700000000000003
345,26701,Jaime Navarro,1990,7009,109,112,2,1912.3337,1115,1001,8377,7545.0,2140,199,3178.0,635,597,38,65,1041,26701,navarja01,9.4
346,26760,Don Newcombe,1950,7048,126,73,5,1773.6660000000004,791,698,7312,5215.0,1719,217,2124.0,395,374,21,24,917,26760,newcodo01,23.9
347,26774,Bobo Newsom,1930,7063,100,94,13,1689.6670000000001,931,824,7481,0.0,1707,106,0.0,879,879,0,22,963,26774,newsobo01,27.599999999999998
348,26774,Bobo Newsom,1940,7064,105,120,5,1961.3327,915,782,8488,0.0,1949,93,0.0,792,792,0,32,1070,26774,newsobo01,23.099999999999994
349,26806,Joe Niekro,1970,7080,84,73,14,1302.3339999999998,576,515,5515,4897.0,1230,106,1787.0,497,476,21,28,659,26806,niekrjo01,11.6
350,26806,Joe Niekro,1980,7081,105,96,0,1713.6667,783,677,7247,6480.0,1624,119,2294.0,623,597,26,32,884,26806,niekrjo01,13.7
351,26807,Phil Niekro,1970,7083,164,151,8,2881.0,1228,1045,12043,10867.0,2642,259,3945.0,920,867,53,76,1866,26807,niekrph01,64.5
352,26807,Phil Niekro,1980,7084,100,83,1,1635.0000000000002,795,714,7031,6247.0,1639,167,2468.0,676,664,12,24,940,26807,niekrph01,17.999999999999996
353,26835,Gary Nolan,1970,7101,79,50,0,1189.3339,457,425,4849,4514.0,1105,107,1671.0,262,227,35,6,639,26835,nolanga01,14.6
354,27060,Al Orth,1900,7210,138,143,4,2393.667,1134,853,575,0.0,2429,51,0.0,439,439,0,61,749,27060,orthal01,31.5
355,27102,Orval Overall,1900,7238,92,60,11,1322.6660000000002,443,313,5295,0.0,1053,13,0.0,471,471,0,43,813,27102,overaor01,19.0
356,27108,Frank Owen,1900,7246,82,67,2,1368.3329999999999,556,388,659,0.0,1249,17,0.0,298,298,0,39,443,27108,owenfr01,6.8
357,27158,Jim Palmer,1970,7276,186,103,2,2745.0,883,787,11106,10071.0,2275,184,3283.0,861,830,31,26,1559,27158,palmeji01,54.099999999999994
358,27173,Milt Pappas,1960,7292,131,102,1,2033.668,840,759,8301,7582.0,1893,199,2851.0,558,500,58,47,1201,27173,pappami01,25.299999999999997
359,27217,Camilo Pascual,1960,7315,127,92,2,1864.6666,800,692,7789,7040.0,1660,174,2536.0,628,602,26,32,1391,27217,pascuca02,24.400000000000002
360,27224,Claude Passeau,1940,7320,111,85,12,1693.6663,665,554,7149,0.0,1704,65,0.0,426,426,0,17,646,27224,passecl01,27.8
361,27244,Roy Patterson,1900,7331,81,72,2,1364.9997,568,417,0,0.0,1327,23,0.0,273,273,0,38,442,27244,pattero01,16.3
362,27245,Marty Pattin,1970,7333,99,93,18,1706.999,735,659,7077,6446.0,1603,166,2425.0,472,413,59,40,947,27245,pattima01,20.5
363,27282,Monte Pearson,1930,7354,92,53,4,1295.667,658,576,5687,0.0,1262,71,0.0,681,681,0,6,652,27282,pearsmo01,17.700000000000003
364,27301,Barney Pelty,1900,7359,78,82,4,1463.3337,537,389,1243,0.0,1226,15,0.0,368,368,0,85,561,27301,peltyba01,18.8
365,27352,Pol Perritt,1910,7398,89,78,6,1430.0,583,457,5906,0.0,1372,41,0.0,377,377,0,52,532,27352,perripo01,9.0
366,27356,Gaylord Perry,1960,7400,95,84,10,1685.6670000000001,638,552,6931,6367.0,1514,118,2155.0,430,353,77,37,1234,27356,perryga01,27.1
367,27356,Gaylord Perry,1970,7401,184,133,1,2905.001,1088,942,11760,10782.0,2559,207,3735.0,758,683,75,51,1907,27356,perryga01,59.099999999999994
368,27358,Jim Perry,1960,7404,114,84,5,1806.0003,746,674,7558,6825.0,1719,177,2539.0,561,521,40,40,937,27358,perryji01,24.400000000000002
369,27358,Jim Perry,1970,7405,89,80,1,1326.6670000000001,607,539,5560,5047.0,1286,121,1916.0,382,336,46,38,560,27358,perryji01,11.800000000000002
370,27388,Dan Petry,1980,7432,107,87,0,1731.3339999999994,832,739,7350,6516.0,1630,179,2514.0,697,641,56,40,908,27388,petryda01,14.8
371,27403,Jeff Pfeffer,1910,7442,96,66,8,1511.6673,489,369,6109,0.0,1317,33,0.0,365,365,0,73,572,27403,pfeffje01,29.4
372,27420,Deacon Phillippe,1900,7450,154,90,7,2158.334,842,600,5209,0.0,2071,27,0.0,288,288,0,49,828,27420,phillde01,28.400000000000002
373,27506,Togie Pittinger,1900,7506,115,113,3,2040.6660000000002,985,702,5267,0.0,2017,39,0.0,734,734,0,96,832,27506,pittito01,19.799999999999997
374,27579,Bob Porterfield,1950,7550,80,89,8,1431.999,664,595,6005,2155.0,1433,105,893.0,489,469,20,13,517,27579,portebo01,16.499999999999996
375,27592,Nels Potter,1940,7562,82,73,15,1377.333,585,524,5806,0.0,1324,82,0.0,445,445,0,14,644,27592,pottene01,25.3
376,27603,Jack Powell,1900,7568,160,163,14,2876.6659999999997,1241,921,1884,0.0,2720,73,0.0,638,638,0,69,1209,27603,powelja01,31.3
377,27679,Bob Purkey,1960,7605,83,57,5,1263.9996999999996,564,496,5276,4853.0,1252,126,1889.0,293,267,26,45,531,27679,purkebo01,16.400000000000002
378,27710,Jack Quinn,1910,7620,90,83,4,1502.6682999999996,685,510,6028,0.0,1515,29,0.0,329,329,0,37,634,27710,quinnja01,15.599999999999998
379,27710,Jack Quinn,1920,7621,131,111,22,2042.0,983,795,8739,0.0,2317,65,0.0,432,432,0,47,575,27710,quinnja01,37.9
380,27747,Pat Ragan,1910,7641,77,103,6,1593.6671,686,528,6599,0.0,1538,37,0.0,465,465,0,25,676,27747,raganpa01,12.700000000000001
381,27789,Vic Raschi,1950,7666,83,46,2,1201.0,551,503,4981,1323.0,1108,96,497.0,472,467,5,16,634,27789,raschvi01,10.5
382,27846,Ron Reed,1970,7703,89,98,52,1585.6670000000001,712,623,6604,6048.0,1547,120,2275.0,402,333,69,29,912,27846,reedro01,16.599999999999998
383,27861,Phil Regan,1960,7709,86,65,74,1206.3339999999998,561,506,5135,4629.0,1203,137,1847.0,374,317,57,22,678,27861,reganph01,10.9
384,27910,Steve Renko,1970,7730,94,109,4,1846.001,912,810,7895,6993.0,1764,184,2701.0,775,701,74,17,1112,27910,renkost01,14.8
385,27924,Ed Reulbach,1900,7735,97,39,5,1262.0010000000002,320,241,4904,0.0,905,9,0.0,417,417,0,63,580,27924,reulbed01,26.0
386,27924,Ed Reulbach,1910,7736,85,67,8,1370.3333,567,427,5617,0.0,1212,24,0.0,475,475,0,44,557,27924,reulbed01,11.4
387,27926,Rick Reuschel,1970,7738,114,101,3,1834.3339999999998,790,699,7734,7044.0,1856,115,2599.0,508,444,64,48,1122,27926,reuscri01,40.900000000000006
388,27926,Rick Reuschel,1980,7739,97,82,1,1616.333,659,588,6710,6142.0,1613,98,2282.0,389,346,43,39,840,27926,reuscri01,26.6
389,27932,Allie Reynolds,1940,7745,103,68,14,1484.0,635,571,6422,0.0,1340,77,0.0,799,799,0,29,791,27932,reynoal01,12.8
390,27932,Allie Reynolds,1950,7746,79,39,35,1008.3330000000001,391,344,4168,824.0,853,56,269.0,462,462,0,28,632,27932,reynoal01,12.9
391,27952,Bob Rhoads,1900,7756,97,82,2,1691.6660000000004,701,491,2094,0.0,1604,19,0.0,494,494,0,58,522,27952,rhoadbo01,11.899999999999999
392,27953,Rick Rhoden,1980,7758,109,100,1,1918.3327,856,779,8082,7329.0,1954,139,2833.0,596,539,57,32,1092,27953,rhoderi01,24.400000000000002
393,27971,J.R. Richard,1970,7768,97,67,0,1492.3327,594,538,6236,5397.0,1162,71,1622.0,730,716,14,17,1374,27971,richaj.01,18.6
394,28035,Jimmy Ring,1920,7798,96,128,6,1943.9990000000007,1172,948,8652,0.0,2181,96,0.0,819,819,0,23,713,28035,ringji01,14.5
395,28087,Robin Roberts,1950,7827,199,149,19,3011.667,1229,1110,12190,6450.0,2874,327,2749.0,525,494,31,29,1516,28087,roberro01,60.49999999999999
396,28176,Steve Rogers,1970,7874,86,94,2,1638.668,647,570,6741,6069.0,1498,89,2053.0,509,470,39,25,980,28176,rogerst01,27.8
397,28176,Steve Rogers,1980,7875,72,58,0,1199.0,475,431,4961,4489.0,1121,62,1573.0,367,331,36,18,641,28176,rogerst01,17.3
398,28210,Eddie Rommel,1920,7895,154,108,24,2242.668,1054,865,9529,0.0,2367,116,0.0,652,652,0,31,530,28210,rommeed01,45.50000000000001
399,28223,Charlie Root,1920,7907,77,60,11,1149.333,526,451,4839,0.0,1131,57,0.0,353,353,0,31,545,28223,rootch01,14.399999999999999
400,28223,Charlie Root,1930,7908,114,89,28,1829.3327,812,711,7716,0.0,1870,114,0.0,466,466,0,47,818,28223,rootch01,24.099999999999998
401,28282,Schoolboy Rowe,1930,7937,80,53,7,1126.6663,581,515,4803,0.0,1187,69,0.0,325,325,0,9,540,28282,rowesc01,15.7
402,28282,Schoolboy Rowe,1940,7938,78,48,5,1092.6669,494,440,4595,0.0,1145,62,0.0,233,233,0,18,373,28282,rowesc01,18.8
403,28307,Dick Rudolph,1910,7952,116,97,8,1923.3329999999999,699,548,7719,0.0,1817,29,0.0,362,362,0,22,756,28307,rudoldi01,22.400000000000002
404,28315,Red Ruffing,1930,7960,175,98,8,2438.9990000000007,1123,972,10351,0.0,2327,150,0.0,858,858,0,24,1260,28315,ruffire01,38.1
405,28325,Bob Rush,1950,7966,110,123,3,2046.999,935,812,8218,4117.0,1937,153,1541.0,663,636,27,33,1072,28325,rushbo01,33.4
406,28363,Nolan Ryan,1970,7993,155,146,2,2465.001,984,860,10452,8698.0,1731,133,2499.0,1515,1481,34,75,2678,28363,ryanno01,41.300000000000004
407,28363,Nolan Ryan,1980,7994,122,104,0,2094.0,835,730,8704,7623.0,1603,128,2327.0,894,860,34,53,2167,28363,ryanno01,30.5
408,28382,Johnny Sain,1940,8007,79,65,10,1185.667,506,432,5025,0.0,1151,68,0.0,387,387,0,20,539,28382,sainjo01,18.3
409,28429,Jack Sanford,1960,8040,92,68,10,1390.9983,663,587,5863,5246.0,1311,115,1957.0,479,432,47,32,750,28429,sanfoja02,7.8
410,28621,Hal Schumacher,1930,8144,117,81,4,1736.6672999999996,775,652,7376,0.0,1716,95,0.0,593,593,0,16,623,28621,schumha02,16.3
411,28651,Jack Scott,1920,8164,96,101,18,1666.3337,839,726,7134,0.0,1819,91,0.0,446,446,0,39,588,28651,scottja01,11.200000000000003
412,28652,Jim Scott,1910,8166,95,102,9,1641.6657,600,419,6509,0.0,1430,21,0.0,516,516,0,37,810,28652,scottji01,25.199999999999996
413,28658,Mike Scott,1980,8170,114,90,3,1803.6673,761,685,7436,6720.0,1594,140,2392.0,537,494,43,31,1324,28658,scottmi03,23.6
414,28672,Tom Seaton,1910,8180,92,65,11,1339.9997,606,465,5599,0.0,1235,30,0.0,530,530,0,42,644,28672,seatoto01,11.099999999999998
415,28674,Tom Seaver,1970,8183,178,101,0,2652.333,843,768,10607,9691.0,2105,190,3143.0,741,676,65,28,2304,28674,seaveto01,66.8
416,28674,Tom Seaver,1980,8184,76,72,0,1328.3329999999999,598,541,5556,4996.0,1216,132,1905.0,441,410,31,28,753,28674,seaveto01,19.0
417,28727,Rip Sewell,1940,8217,133,87,12,1894.0,848,706,8102,0.0,1864,101,0.0,646,646,0,20,548,28727,sewelri01,25.199999999999996
418,28776,Bob Shaw,1960,8231,85,87,28,1447.0003,661,571,6160,5591.0,1510,123,2157.0,409,351,58,48,752,28776,shawbo01,14.900000000000002
419,28780,Jim Shaw,1910,8234,72,80,13,1323.6660000000002,513,401,5381,0.0,1102,14,0.0,584,584,0,20,675,28780,shawji01,17.6
420,28782,Bob Shawkey,1910,8236,89,67,15,1324.3329999999999,479,390,5233,0.0,1132,24,0.0,453,453,0,25,572,28782,shawkbo01,19.2
421,28782,Bob Shawkey,1920,8237,106,83,13,1612.6677000000002,721,618,6786,0.0,1590,87,0.0,565,565,0,23,788,28782,shawkbo01,27.099999999999994
422,28865,Urban Shocker,1920,8284,156,93,22,2148.666,946,797,9020,0.0,2256,117,0.0,484,484,0,26,753,28865,shockur01,45.0
423,28885,Eric Show,1980,8299,94,79,6,1497.0,629,571,6255,5544.0,1333,150,2067.0,552,513,39,42,896,28885,shower01,17.2
424,28897,Sonny Siebert,1960,8305,75,58,14,1154.333,441,373,4698,4206.0,916,105,1414.0,383,361,22,31,913,28897,siebeso01,19.599999999999998
425,28944,Bill Singer,1970,8323,73,89,1,1378.6667000000002,678,590,5878,5178.0,1279,91,1825.0,552,528,24,40,864,28944,singebi01,7.2
426,28986,Jim Slaton,1970,8347,104,112,0,1895.334,913,814,8118,7260.0,1923,180,2857.0,693,648,45,35,873,28986,slatoji01,15.700000000000001
427,29032,Bryn Smith,1980,8369,81,71,6,1400.3323,592,511,5770,5299.0,1310,108,1937.0,341,304,37,31,838,29032,smithbr01,17.200000000000003
428,29061,Frank Smith,1900,8385,104,71,3,1588.6670000000001,518,387,2502,0.0,1267,9,0.0,456,456,0,35,776,29061,smithfr03,19.0
429,29132,Mike Smithson,1980,8410,76,86,2,1356.3337,745,690,5861,5324.0,1473,168,2331.0,383,358,25,73,731,29132,smithmi03,6.199999999999999
430,29194,Mario Soto,1980,8438,94,84,4,1614.3337,664,604,6633,5900.0,1289,157,2061.0,588,547,41,24,1360,29194,sotoma01,27.000000000000004
431,29209,Tully Sparks,1900,8446,113,128,8,2150.6679999999997,945,642,6636,0.0,2036,30,0.0,542,542,0,75,723,29209,sparktu01,24.0
432,29285,Gerry Staley,1950,8490,104,84,41,1552.3343,755,655,6396,2496.0,1664,157,1037.0,413,386,27,54,551,29285,stalege01,14.8
433,29303,Bob Stanley,1980,8503,76,76,118,1197.667,563,486,5095,4607.0,1290,84,1789.0,350,277,73,33,555,29303,stanlbo01,15.400000000000002
434,29413,Dave Stieb,1980,8546,140,109,1,2328.667,954,859,9654,8595.0,2019,183,3018.0,825,796,29,104,1380,29413,stiebda01,48.09999999999999
435,29450,Steve Stone,1970,8572,78,79,1,1475.0,738,666,6322,5588.0,1420,155,2198.0,588,569,19,33,886,29450,stonest01,15.200000000000001
436,29459,Mel Stottlemyre,1960,8580,97,73,1,1474.6670000000001,528,468,6051,5476.0,1311,99,1870.0,455,413,42,21,754,29459,stottme01,26.3
437,29461,Todd Stottlemyre,1990,8584,118,98,1,1850.3329999999999,932,856,7953,7081.0,1830,198,2848.0,683,645,38,72,1369,29461,stottto01,21.099999999999998
438,29549,Willie Sudhoff,1900,8626,74,83,2,1402.9997,670,485,0,0.0,1368,34,0.0,393,393,0,72,393,29549,sudhowi01,10.799999999999999
439,29551,George Suggs,1910,8629,97,87,15,1580.6670000000001,700,556,6432,0.0,1656,39,0.0,343,343,0,59,562,29551,suggsge01,18.9
440,29569,Frank Sullivan,1950,8633,84,64,5,1351.6667,565,494,5627,4224.0,1291,112,1570.0,423,406,17,39,723,29569,sullifr01,22.900000000000002
441,29621,Don Sutton,1970,8661,166,110,2,2557.332000000001,975,871,10403,9528.0,2174,214,3289.0,660,615,45,45,1767,29621,suttodo01,34.6
442,29621,Don Sutton,1980,8662,107,86,1,1765.6672999999996,754,693,7277,6726.0,1655,190,2537.0,424,402,22,23,1050,29621,suttodo01,23.999999999999996
443,29662,Bill Swift,1930,8676,91,79,18,1555.0,712,616,6519,0.0,1596,94,0.0,310,310,0,30,592,29662,swiftbi01,19.400000000000006
444,29663,Bill Swift,1990,8679,71,44,26,1059.0009,474,415,4443,4057.0,1070,86,1551.0,301,273,28,31,565,29663,swiftbi02,17.300000000000004
445,29697,Kevin Tapani,1990,8704,124,97,0,1861.0,944,884,7873,7256.0,1974,198,3101.0,455,433,22,38,1160,29697,tapanke01,26.200000000000003
446,29739,Dummy Taylor,1900,8723,116,106,3,1916.3333,870,585,5176,0.0,1877,38,0.0,551,551,0,72,767,29739,taylodu01,15.499999999999998
447,29751,Jack Taylor,1900,8729,129,118,5,2230.333,960,616,5663,0.0,2092,35,0.0,490,490,0,71,584,29751,tayloja02,28.799999999999997
448,29797,Walt Terrell,1980,8756,84,89,0,1473.3329999999999,732,657,6294,5606.0,1486,137,2227.0,564,528,36,20,724,29797,terrewa01,11.6
449,29802,Ralph Terry,1960,8760,85,61,9,1294.3339999999998,564,497,5259,4905.0,1191,153,1907.0,270,255,15,15,681,29802,terryra01,10.0
450,29809,Jeff Tesreau,1910,8765,119,72,9,1678.9997,591,453,6805,0.0,1350,37,0.0,572,572,0,38,880,29809,tesreje01,22.6
451,29814,Bob Tewksbury,1990,8769,99,89,1,1592.001,768,687,6680,6270.0,1789,125,2604.0,229,213,16,33,723,29814,tewksbo01,19.8
452,29922,Luis Tiant,1960,8830,75,64,12,1200.0,431,379,4902,4387.0,939,126,1499.0,432,406,26,20,1041,29922,tiantlu01,26.3
453,29922,Luis Tiant,1970,8831,142,92,3,2063.0,839,783,8499,7759.0,1904,204,2987.0,595,573,22,28,1229,29922,tiantlu01,39.4
454,29924,Dick Tidrow,1970,8835,81,72,27,1345.0006,604,539,5672,5100.0,1318,123,1962.0,426,363,63,33,703,29924,tidrodi01,12.599999999999998
455,29956,Jim Tobin,1940,8856,76,88,4,1426.3333,630,531,6033,0.0,1407,82,0.0,430,430,0,20,348,29956,tobinji01,15.699999999999998
456,29981,Fred Toney,1910,8873,84,62,8,1395.3339999999998,474,353,5597,0.0,1195,24,0.0,369,369,0,28,516,29981,toneyfr01,21.4
457,30001,Mike Torrez,1970,8883,134,104,0,2138.665,1001,882,9176,8025.0,2049,148,2892.0,962,904,58,44,985,30001,torremi01,20.700000000000003
458,30059,Dizzy Trout,1940,8912,129,119,22,2026.3333,821,678,8587,0.0,1944,74,0.0,746,746,0,21,930,30059,troutdi01,36.900000000000006
459,30066,Virgil Trucks,1940,8919,87,63,10,1281.6683,530,469,5391,0.0,1126,81,0.0,491,491,0,14,760,30066,truckvi01,21.9
460,30066,Virgil Trucks,1950,8920,90,72,20,1400.6670000000001,594,540,5868,1854.0,1290,107,697.0,597,578,19,33,774,30066,truckvi01,20.4
461,30086,Bob Turley,1950,8935,83,63,6,1269.6655999999996,525,489,5492,3436.0,973,96,1171.0,804,794,10,40,983,30086,turlebo01,13.799999999999999
462,30126,George Uhle,1920,8955,152,124,15,2309.6657,1214,1019,10125,0.0,2570,64,0.0,719,719,0,90,808,30126,uhlege01,32.7
463,30213,Dazzy Vance,1920,9005,147,90,4,2053.665,820,708,8506,0.0,1891,83,0.0,583,583,0,61,1464,30213,vanceda01,50.10000000000001
464,30220,Elam Vangilder,1920,9016,98,102,19,1702.6653,1010,812,7516,0.0,1879,93,0.0,697,697,0,42,468,30220,vangiel01,12.7
465,30298,Bill Voiselle,1940,9054,74,80,3,1322.0,637,552,5751,0.0,1306,108,0.0,559,559,0,14,620,30298,voisebi01,12.600000000000001
466,30420,Ed Walsh,1900,9134,110,63,15,1642.3329999999999,464,307,2626,0.0,1276,7,0.0,312,312,0,34,901,30420,walshed01,29.4
467,30420,Ed Walsh,1910,9135,85,63,20,1322.0006999999996,409,291,5131,0.0,1070,16,0.0,305,305,0,18,835,30420,walshed01,34.39999999999999
468,30434,Bucky Walters,1930,9144,76,70,1,1232.333,615,521,5343,0.0,1261,63,0.0,488,488,0,27,430,30434,waltebu01,17.699999999999996
469,30434,Bucky Walters,1940,9145,122,90,3,1868.3329999999999,726,616,7778,0.0,1724,92,0.0,631,631,0,24,677,30434,waltebu01,28.5
470,30476,Lon Warneke,1930,9162,144,85,11,2020.9996,845,725,8471,0.0,1993,126,0.0,555,555,0,21,877,30476,warnelo01,31.4
471,30549,Monte Weaver,1930,9204,71,50,4,1052.0003,591,510,4632,0.0,1137,62,0.0,435,435,0,5,297,30549,weavemo01,8.1
472,30750,Ed Whitson,1980,9299,95,91,3,1685.001,805,729,7138,6470.0,1704,169,2569.0,513,485,28,21,932,30750,whitsed01,14.700000000000001
473,30783,Hoyt Wilhelm,1960,9325,75,65,152,1103.333,332,265,4375,3953.0,793,65,1123.0,303,272,31,27,872,30783,wilheho01,24.4
474,30858,Stan Williams,1960,9369,78,76,24,1312.3323,580,508,5576,4934.0,1160,123,1773.0,518,478,40,40,1002,30858,willist02,17.5
475,30879,Vic Willis,1900,9385,188,172,6,3130.3340000000003,1238,895,8729,0.0,2856,49,0.0,886,886,0,96,1304,30879,willivi01,52.3
476,30906,Earl Wilson,1960,9404,115,96,0,1867.0,828,744,7857,6988.0,1673,214,2660.0,714,682,32,26,1332,30906,wilsoea01,19.9
477,30921,Jim Wilson,1950,9414,80,81,2,1386.3340000000005,668,619,5896,3004.0,1344,141,1153.0,510,483,27,28,639,30921,wilsoji02,10.7
478,30972,George Winter,1900,9449,83,102,4,1656.0,760,528,800,0.0,1552,32,0.0,377,377,0,44,568,30972,wintege01,11.500000000000002
479,30984,Rick Wise,1970,9458,133,117,0,2120.999,980,866,8912,8187.0,2156,188,3196.0,556,503,53,26,1112,30984,wiseri01,25.199999999999996
480,30999,Bobby Witt,1990,9467,99,113,0,1737.0006999999996,1021,927,7714,6723.0,1869,187,2862.0,846,819,27,27,1270,30999,wittbo01,12.1
481,31002,Mike Witt,1980,9471,109,104,5,1945.001,917,816,8220,7410.0,1913,166,2816.0,643,607,36,47,1269,31002,wittmi01,21.900000000000002
482,31044,Joe Wood,1910,9494,105,49,10,1249.0004,429,274,4896,0.0,999,9,0.0,360,360,0,42,889,31044,woodjo02,26.899999999999995
483,31130,Whit Wyatt,1940,9547,72,49,1,1014.666,406,343,4191,0.0,903,47,0.0,280,280,0,16,498,31130,wyattwh01,16.3
484,31135,Early Wynn,1940,9549,83,92,2,1411.001,724,617,6141,0.0,1519,72,0.0,507,507,0,16,447,31135,wynnea01,7.8
485,31135,Early Wynn,1950,9550,188,119,11,2562.002,1046,934,10753,5510.0,2217,218,1948.0,1028,1003,25,40,1544,31135,wynnea01,37.5
486,31191,Cy Young,1900,9583,230,146,9,3344.0,1126,787,2253,0.0,2951,45,0.0,394,394,0,68,1565,31191,youngcy01,75.49999999999999
487,31361,Adam Wainwright,2010,9684,116,71,0,1459.6672999999996,603,565,6025,5393.0,1396,118,2062.0,383,355,28,43,1265,31361,wainwad01,23.499999999999996
488,31384,Dan Haren,2000,9687,79,62,0,1226.6667,537,492,5067,4704.0,1175,140,1896.0,270,250,20,36,1035,31384,harenda01,24.1
489,31384,Dan Haren,2010,9688,74,69,1,1193.0,568,517,4955,3900.0,1182,165,1656.0,230,211,19,31,978,31384,harenda01,8.7
490,31607,Ervin Santana,2010,9776,90,82,0,1575.0,732,676,6590,5550.0,1475,211,2289.0,485,464,21,57,1239,31607,santaer01,17.900000000000002
491,31734,Zack Greinke,2010,9822,155,70,0,1984.001,756,702,8000,6639.0,1759,198,2558.0,442,428,14,37,1872,31734,greinza01,44.00000000000001
492,36564,Jason Hammel,2010,10008,79,91,2,1426.3329999999999,752,708,6117,4884.0,1472,185,2092.0,429,410,19,57,1155,36564,hammeja01,11.000000000000002
493,37512,Ubaldo Jimenez,2010,10039,83,89,1,1363.667,734,687,5928,4503.0,1317,151,1844.0,620,603,17,52,1279,37512,jimenub01,11.2
494,40375,Ricky Nolasco,2010,10128,74,88,0,1329.0003000000004,722,682,5694,5079.0,1482,165,2280.0,324,299,25,37,1022,40375,nolasri01,8.2
495,42750,James Shields,2010,10210,102,103,0,1841.6670000000001,893,822,7772,6290.0,1791,262,2669.0,580,564,16,69,1619,42750,shielja02,17.4
496,45536,Felix Hernandez,2010,10350,111,95,0,1824.6674,772,690,7498,6085.0,1624,184,2240.0,518,515,3,78,1714,45536,hernafe02,32.6
497,45578,Anibal Sanchez,2010,10395,90,91,0,1613.3329999999999,783,717,6825,5595.0,1564,185,2220.0,497,466,31,40,1476,45578,sanchan01,23.2
498,45613,Justin Verlander,2010,10423,160,86,0,2141.999,797,737,8635,7444.0,1738,228,2676.0,568,558,10,52,2260,45613,verlaju01,56.2
499,46155,Jeremy Hellickson,2010,10501,76,75,0,1269.3333,626,583,5338,4273.0,1206,184,1819.0,385,364,21,45,929,46155,hellije01,11.699999999999998
500,47160,Clay Buchholz,2010,10618,78,55,0,1141.6653,531,485,4763,3850.0,1074,115,1507.0,371,362,9,44,862,47160,buchhcl01,16.2
501,47229,Carlos Carrasco,2010,10624,85,65,2,1152.0004,502,476,4723,3676.0,1070,131,1495.0,283,265,18,35,1212,47229,carraca01,21.3
502,47415,Johnny Cueto,2010,10644,106,62,0,1511.0007,555,513,6178,4815.0,1330,140,1761.0,401,384,17,76,1266,47415,cuetojo01,32.2
503,47591,Yovani Gallardo,2010,10660,99,84,1,1496.6663,747,693,6437,5031.0,1495,173,2058.0,571,552,19,17,1259,47591,gallayo01,12.9
504,47865,Phil Hughes,2010,10692,75,69,0,1098.3331,588,559,4682,3736.0,1209,172,1689.0,241,230,11,24,863,47865,hugheph01,7.7
505,48258,Charlie Morton,2010,10745,82,70,0,1229.6672999999996,602,533,5269,4149.0,1177,102,1561.0,427,408,19,110,1124,48258,mortoch02,10.6
506,49127,Jered Weaver,2010,10850,99,71,0,1395.6663,587,555,5719,4658.0,1271,184,1828.0,353,347,6,40,1075,49127,weaveje02,21.300000000000004
507,49832,Ivan Nova,2010,10913,89,76,1,1328.6657,684,638,5690,4828.0,1441,181,2174.0,359,340,19,69,954,49832,novaiv01,13.899999999999999
508,49925,Jhoulys Chacin,2010,10919,77,86,0,1307.999,636,585,5586,4824.0,1215,139,1903.0,523,500,23,54,1051,49925,chacijh01,19.1
509,50062,Chris Tillman,2010,10933,72,55,0,1079.9994,574,543,4623,3470.0,1065,149,1509.0,412,406,6,31,808,50062,tillmch01,8.800000000000002
510,50175,Jeff Samardzija,2010,10959,78,101,0,1566.3339999999998,758,705,6529,5105.0,1464,191,2055.0,457,435,22,56,1397,50175,samarje01,15.4
511,50199,Trevor Cahill,2010,10965,74,79,1,1267.0010000000002,636,585,5415,4594.0,1204,136,1825.0,515,504,11,56,998,50199,cahiltr01,9.9
512,52353,Doug Fister,2010,11117,80,88,1,1361.3333,626,560,5720,4864.0,1393,129,1893.0,317,303,14,70,934,52353,fistedo01,18.8
513,52572,Ian Kennedy,2010,11132,96,99,30,1707.6663,819,764,7219,5826.0,1605,240,2431.0,559,538,21,76,1590,52572,kenneia01,15.9
514,52691,Jake Arrieta,2010,11135,106,75,0,1469.3334000000002,671,607,6095,4652.0,1268,151,1800.0,511,491,20,57,1318,52691,arrieja01,23.999999999999996
515,56753,Max Scherzer,2010,11242,161,74,0,2063.6669999999995,758,716,8298,6763.0,1669,229,2502.0,534,517,17,70,2452,56753,scherma01,56.2
516,57163,Jordan Zimmermann,2010,11267,92,86,0,1511.3329999999999,727,673,6321,5092.0,1559,184,2196.0,313,301,12,55,1173,57163,zimmejo02,19.900000000000002
517,57424,Corey Kluber,2010,11288,98,58,0,1341.6670000000001,518,471,5398,4198.0,1165,132,1547.0,292,283,9,46,1461,57424,klubeco01,33.1
518,57745,Rick Porcello,2010,11326,135,109,0,1866.666,1000,913,7931,6683.0,2020,232,2861.0,422,405,17,79,1418,57745,porceri01,17.500000000000004
519,58410,Lance Lynn,2010,11398,98,68,1,1342.6667000000002,574,535,5704,4406.0,1248,121,1684.0,504,486,18,58,1326,58410,lynnla01,23.1
520,58731,Julio Teheran,2010,11431,77,73,0,1360.001,599,554,5660,4308.0,1189,176,1682.0,458,436,22,65,1184,58731,teherju01,19.599999999999998
521,58921,Tanner Roark,2010,11453,74,64,1,1100.3327,481,453,4583,3738.0,1047,126,1436.0,314,297,17,53,890,58921,roarkta01,19.3
522,59473,Masahiro Tanaka,2010,11487,75,43,0,1006.3330000000001,451,419,4102,3272.0,935,150,1375.0,200,199,1,24,947,59473,tanakma01,17.3
523,61051,Mike Leake,2010,11583,105,98,0,1829.0,905,824,7693,6397.0,1940,238,2833.0,403,374,29,68,1231,61051,leakemi01,14.1
524,61056,Stephen Strasburg,2010,11584,112,58,0,1438.6660000000004,557,506,5820,4839.0,1185,143,1693.0,377,359,18,51,1695,61056,strasst01,32.6
525,65957,Gerrit Cole,2010,11623,94,52,0,1194.999,461,427,4843,3666.0,1034,115,1366.0,315,309,6,42,1336,65957,colege01,23.4
